<?xml version="1.0" encoding="UTF-8"?>
<MTPutty version="1.0">
	<Globals>
		<PuttyLocation>kitty\kitty_portable.exe</PuttyLocation>
		<GUI>
			<Pos Left="423" Top="24" Right="1630" Bottom="1104" Maximized="0"/>
			<ServersBox Visible="1" Width="245" Height="981" Dock="left" Autohide="0"/>
			<Toolbar Visible="1"/>
			<MainMenu Visible="1"/>
			<StartPage HideOnTab="1"/>
		</GUI>
		<General>
			<TabCaption>1</TabCaption>
			<NormalTermination>1</NormalTermination>
			<AbnormalTermination>0</AbnormalTermination>
			<QuitNoConfrim>0</QuitNoConfrim>
			<CloseButtonOnTabs>1</CloseButtonOnTabs>
		</General>
	</Globals>
	<Servers>
		<Putty>
			<Node Type="0" Expanded="1">
				<DisplayName>example</DisplayName>
				<Node Type="1">
					<SavedSession>SolarizedDark</SavedSession>
					<DisplayName>1. example-password-login</DisplayName>
					<ServerName>127.0.0.1</ServerName>
					<PuttyConType>4</PuttyConType>
					<Port>9022</Port>
					<UserName>user</UserName>
					<Password>ZWEiYB017KE=</Password>
					<PasswordDelay>0</PasswordDelay>
					<CLParams>-load SolarizedDark 127.0.0.1 -ssh -P 9022 -l user</CLParams>
					<ScriptDelay>500</ScriptDelay>
					<Script>
						<L0>cd /data/rxh5/server</L0>
						<L1>ls</L1>
					</Script>
				</Node>
				<Node Type="1">
					<SavedSession>SolarizedDark</SavedSession>
					<DisplayName>2. example-key-login</DisplayName>
					<ServerName>127.0.0.1</ServerName>
					<PuttyConType>4</PuttyConType>
					<Port>9022</Port>
					<UserName>user</UserName>
					<Password>ZWEiYB017KE=</Password>
					<PasswordDelay>0</PasswordDelay>
					<CLParams>-load SolarizedDark 127.0.0.1 -ssh -P 9022 -l user -i .\key\example_user_key.ppk</CLParams>
					<ScriptDelay>0</ScriptDelay>
					<Script>
						<L0>tail -f /data/rxh5/server/rxh5_cn/log/game/console.log</L0>
					</Script>
				</Node>
			</Node>
		</Putty>
	</Servers>
	<Internals>
		<Putty/>
	</Internals>
	<Recents>
		<PuttyCon>
			<Con0>5. 个人\1. 个人电脑</Con0>
			<Con1>5. 个人\1. 个人-159.65.111.227</Con1>
			<Con2>5. 个人\1. 个人-159.65.111.227-local</Con2>
			<Con3>1. SGH5\3. 外测服-119.29.157.86</Con3>
			<Con4>1. SGH5\4. 外测服-日志-119.29.157.86</Con4>
			<Con5>1. SGH5\1. 开发服-192.168.50.5</Con5>
			<Con6>4. QQJY\1. 开发服-192.168.50.5</Con6>
			<Con7>5. 个人\1. 个人-157.230.97.250</Con7>
			<Con8>6. vagrant\20222</Con8>
			<Con9>2. 剑雨手游\临时-106.52.222.68</Con9>
		</PuttyCon>
	</Recents>
	<Hotkeys>
		<NextTab>0</NextTab>
		<PrevTab>0</PrevTab>
		<AppSwitch>16576</AppSwitch>
		<acPuttyLocation>0</acPuttyLocation>
		<acSettings>0</acSettings>
		<acHideServers>16450</acHideServers>
		<acHideMenu>16461</acHideMenu>
		<acHideToolbar>16468</acHideToolbar>
		<acAddServer>0</acAddServer>
		<acAddGroup>0</acAddGroup>
		<acRemove>0</acRemove>
		<acDetach>0</acDetach>
		<acConnect>0</acConnect>
		<acConnectTo>16459</acConnectTo>
		<acTreeProps>0</acTreeProps>
		<acSendScript>0</acSendScript>
		<acAttach>0</acAttach>
		<acRenameTab>0</acRenameTab>
		<acImportTree>0</acImportTree>
		<acExportTree>0</acExportTree>
		<acHotkeysMap>0</acHotkeysMap>
		<acDuplicate>0</acDuplicate>
	</Hotkeys>
</MTPutty>
